Question,Answer
What payment methods do you accept?,"We accept various payment methods including credit/debit cards, PayPal, and sometimes other digital payment platforms depending on your location."
How do I reset my password?,You can reset your password by clicking the 'Forgot Password' link on the login page. Follow the instructions sent to your registered email to set a new password.
Can I get a refund if I'm not satisfied with a course?,"Yes, we offer a 30-day money-back guarantee on all our courses. If you're not satisfied, you can request a refund within 30 days of purchase as long as you haven't completed more than 50% of the course."
How do I access the course materials?,"Once you have enrolled and paid for the course, you will have immediate access to all the course materials through your user dashboard. Simply log in to your account and click on the course to start learning."
Are there any group discounts available?,"Yes, we offer group discounts for organizations or groups of five or more. Please contact our support team for more details and how to apply."
What should I do if I encounter technical issues?,"If you're experiencing technical issues, please check our FAQ for troubleshooting tips or contact our support team through the help desk with specific details of the issue."
Can I preview a course before purchasing?,"Yes, most of our courses offer a free preview that includes the first few lessons. This can be accessed from the course description page on our website."
How do I receive a certificate after completing a course?,"Upon completion of a course and passing any required assessments, a certificate of completion will be automatically issued to you. You can download and print your certificate from your account dashboard."
How can I contact the instructor if I have questions?,You can contact the course instructor through the dedicated Q&A section within the course platform. Instructors typically respond within 24-48 hours.
Do you offer courses in languages other than English?,"Currently, our primary course offerings are in English, but we are working on providing courses in other languages. Please check back regularly for updates or subscribe to our newsletter for announcements."
